{
	"canciones": [
		{
			"nombre": "vive",
			"ruta": "uno.mp3",
			"reproducciones": 10,
			"icono": 4
		},
		{
			"nombre": "invierno",
			"ruta": "dos.mp3",
			"reproducciones": 30,
			"icono": 1
		},
		{
			"nombre": "planeta",
			"ruta": "tres.mp3",
			"reproducciones": 20,
			"icono": 3
		},
		{
			"nombre": "suave",
			"ruta": "cuatro.mp3",
			"reproducciones": 80,
			"icono": 2
		},
		{
			"nombre": "contigo",
			"ruta": "cinco.mp3",
			"reproducciones": 50,
			"icono": 4
		},
		{
			"nombre": "alas",
			"ruta": "seis.mp3",
			"reproducciones": 70,
			"icono": 1
		},
		{
			"nombre": "verde",
			"ruta": "siete.mp3",
			"reproducciones": 60,
			"icono": 3
		},
		{
			"nombre": "nuevamente",
			"ruta": "ocho.mp3",
			"reproducciones": 90,
			"icono": 1
		},
		{
			"nombre": "hoy",
			"ruta": "nueve.mp3",
			"reproducciones": 40,
			"icono": 2
		}
	]
}
